﻿<?xml version="1.0" encoding="utf-8" ?>
<root>
  <roles>
    <role>
    <rolename>Administrator</rolename>
    <rolevalue>1</rolevalue>
    </role>
    <role>
      <rolename>Live Feed</rolename>
      <rolevalue>2</rolevalue>
    </role>
    <role>
      <rolename>Manage Devices Details(Add,Edit,Delete)</rolename>
      <rolevalue>3</rolevalue>
    </role>
    <role>
      <rolename>Document upload and Download</rolename>
      <rolevalue>4</rolevalue>
    </role>
    <role>
      <rolename>Document Deletion</rolename>
      <rolevalue>5</rolevalue>
    </role>
    <role>
      <rolename>Add, Authenticate and Delete Users</rolename>
      <rolevalue>6</rolevalue>
    </role>
   
  </roles>
</root>
